<?xml version="1.0" encoding="UTF-8"?>
<project-private xmlns="http://www.netbeans.org/ns/project-private/1">
    <editor-bookmarks xmlns="http://www.netbeans.org/ns/editor-bookmarks/2" lastBookmarkId="0"/>
    <open-files xmlns="http://www.netbeans.org/ns/projectui-open-files/2">
        <group>
            <file>file:/C:/Users/padal/Documents/NetBeansProjects/Pharmacy/src/pharmacy/AddMedicine.java</file>
            <file>file:/C:/Users/padal/Documents/NetBeansProjects/Pharmacy/src/pharmacy/Login.java</file>
            <file>file:/C:/Users/padal/Documents/NetBeansProjects/Pharmacy/src/common/OpenPdf.java</file>
            <file>file:/C:/Users/padal/Documents/NetBeansProjects/Pharmacy/src/pharmacy/SellMedicine.java</file>
            <file>file:/C:/Users/padal/Documents/NetBeansProjects/Pharmacy/src/pharmacy/ViewBill.java</file>
            <file>file:/C:/Users/padal/Documents/NetBeansProjects/Pharmacy/src/pharmacy/PharmacistDashboard.java</file>
            <file>file:/C:/Users/padal/Documents/NetBeansProjects/Pharmacy/src/pharmacy/ViewMedicine.java</file>
            <file>file:/C:/Users/padal/Documents/NetBeansProjects/Pharmacy/src/pharmacy/AdminDashboard.java</file>
            <file>file:/C:/Users/padal/Documents/NetBeansProjects/Pharmacy/src/dao/PharmacyUtils.java</file>
        </group>
    </open-files>
</project-private>
